0x724f337bF0Fa934dB9aa3ec6dEa49B03c54AD3cc,0x35F23154f5Da2AF4E80a41B3Bd11E09226c596b2,1
0x724f337bF0Fa934dB9aa3ec6dEa49B03c54AD3cc,0xED72D561a4BEAc153158031B9420fbD6e45D56e9,1
0x724f337bF0Fa934dB9aa3ec6dEa49B03c54AD3cc,0xEf43917eB272264082C311e76bc9a29A9aC7f8B4,1
0x724f337bF0Fa934dB9aa3ec6dEa49B03c54AD3cc,0x65E72abd9c57c7Fee919849AF3641fa7CeF80950,1
0x724f337bF0Fa934dB9aa3ec6dEa49B03c54AD3cc,0x95C95f2b281Ca6a9CDc0d8C29F3CA8E0D4Ee91b3,1
0x724f337bF0Fa934dB9aa3ec6dEa49B03c54AD3cc,0x98c48d29cfc7309745B615A6f08e58c644500e85,1
0x724f337bF0Fa934dB9aa3ec6dEa49B03c54AD3cc,0xd2264823c06CbBCfAcFdD00586f9CD94408f17Ee,1
0x724f337bF0Fa934dB9aa3ec6dEa49B03c54AD3cc,0xba9a0593850D8A9F403A9986Fff4EF086262e812,1
0x724f337bF0Fa934dB9aa3ec6dEa49B03c54AD3cc,0xe3FA0f6A341a80eEE529691258B5F99222263FCb,1
0x724f337bF0Fa934dB9aa3ec6dEa49B03c54AD3cc,0x53Cf5Bd17A3BEE5Ce3a1C407Ea817e2D5391F520,1
0x724f337bF0Fa934dB9aa3ec6dEa49B03c54AD3cc,0x1074bD53bF05d60204e2B829cB382df3b54816A2,1
0x724f337bF0Fa934dB9aa3ec6dEa49B03c54AD3cc,0xec5f0FC3d6c9127db2C1E942DC28BaE1cCa8D108,1
0x724f337bF0Fa934dB9aa3ec6dEa49B03c54AD3cc,0x636A227369DCadDa50bB0bf30A8F067486C2A803,1
0x724f337bF0Fa934dB9aa3ec6dEa49B03c54AD3cc,0XA5F7E04183009F19F6BFEB35482461394EDA6960,1
0x724f337bF0Fa934dB9aa3ec6dEa49B03c54AD3cc,0X4D30964CE084D7922258284C760A298D79CFA8E0,1
0x724f337bF0Fa934dB9aa3ec6dEa49B03c54AD3cc,0x45871F650Ba6D210d7cD342a753535B7B1282B5F,1
0x724f337bF0Fa934dB9aa3ec6dEa49B03c54AD3cc,0X97D4D814D88E11648477846DF29FBB2CD083AACA,1
0x724f337bF0Fa934dB9aa3ec6dEa49B03c54AD3cc,0x663217Fd41198bC5dB2F69313a324D0628daA9E8,1
0x724f337bF0Fa934dB9aa3ec6dEa49B03c54AD3cc,0x9548d0AAaedE8Fd889E03aaa6c57551f92be7B71,2
0x724f337bF0Fa934dB9aa3ec6dEa49B03c54AD3cc,0x9548d0AAaedE8Fd889E03aaa6c57551f92be7B71,1
0x724f337bF0Fa934dB9aa3ec6dEa49B03c54AD3cc,0x663217Fd41198bC5dB2F69313a324D0628daA9E8,3
0x724f337bF0Fa934dB9aa3ec6dEa49B03c54AD3cc,0x663217Fd41198bC5dB2F69313a324D0628daA9E8,4
0x724f337bF0Fa934dB9aa3ec6dEa49B03c54AD3cc,0x663217Fd41198bC5dB2F69313a324D0628daA9E8,1
0x724f337bF0Fa934dB9aa3ec6dEa49B03c54AD3cc,0x9548d0AAaedE8Fd889E03aaa6c57551f92be7B71,2
0x724f337bF0Fa934dB9aa3ec6dEa49B03c54AD3cc,0x9548d0AAaedE8Fd889E03aaa6c57551f92be7B71,1
0x724f337bF0Fa934dB9aa3ec6dEa49B03c54AD3cc,0x663217Fd41198bC5dB2F69313a324D0628daA9E8,3
0x724f337bF0Fa934dB9aa3ec6dEa49B03c54AD3cc,0x663217Fd41198bC5dB2F69313a324D0628daA9E8,4
0x724f337bF0Fa934dB9aa3ec6dEa49B03c54AD3cc,0x663217Fd41198bC5dB2F69313a324D0628daA9E8,1
0x724f337bF0Fa934dB9aa3ec6dEa49B03c54AD3cc,0x9548d0AAaedE8Fd889E03aaa6c57551f92be7B71,2
0x724f337bF0Fa934dB9aa3ec6dEa49B03c54AD3cc,0x9548d0AAaedE8Fd889E03aaa6c57551f92be7B71,1
0x724f337bF0Fa934dB9aa3ec6dEa49B03c54AD3cc,0x663217Fd41198bC5dB2F69313a324D0628daA9E8,3
0x724f337bF0Fa934dB9aa3ec6dEa49B03c54AD3cc,0x663217Fd41198bC5dB2F69313a324D0628daA9E8,4
0x724f337bF0Fa934dB9aa3ec6dEa49B03c54AD3cc,0x663217Fd41198bC5dB2F69313a324D0628daA9E8,1
0x724f337bF0Fa934dB9aa3ec6dEa49B03c54AD3cc,0x9548d0AAaedE8Fd889E03aaa6c57551f92be7B71,2
0x724f337bF0Fa934dB9aa3ec6dEa49B03c54AD3cc,0x9548d0AAaedE8Fd889E03aaa6c57551f92be7B71,1
0x724f337bF0Fa934dB9aa3ec6dEa49B03c54AD3cc,0x663217Fd41198bC5dB2F69313a324D0628daA9E8,3
0x724f337bF0Fa934dB9aa3ec6dEa49B03c54AD3cc,0x663217Fd41198bC5dB2F69313a324D0628daA9E8,4
0x724f337bF0Fa934dB9aa3ec6dEa49B03c54AD3cc,0x663217Fd41198bC5dB2F69313a324D0628daA9E8,1
0x724f337bF0Fa934dB9aa3ec6dEa49B03c54AD3cc,0x9548d0AAaedE8Fd889E03aaa6c57551f92be7B71,2
0x724f337bF0Fa934dB9aa3ec6dEa49B03c54AD3cc,0x9548d0AAaedE8Fd889E03aaa6c57551f92be7B71,1
0x724f337bF0Fa934dB9aa3ec6dEa49B03c54AD3cc,0x663217Fd41198bC5dB2F69313a324D0628daA9E8,3
0x724f337bF0Fa934dB9aa3ec6dEa49B03c54AD3cc,0x663217Fd41198bC5dB2F69313a324D0628daA9E8,4
0x724f337bF0Fa934dB9aa3ec6dEa49B03c54AD3cc,0x663217Fd41198bC5dB2F69313a324D0628daA9E8,1
0x724f337bF0Fa934dB9aa3ec6dEa49B03c54AD3cc,0x9548d0AAaedE8Fd889E03aaa6c57551f92be7B71,2
0x724f337bF0Fa934dB9aa3ec6dEa49B03c54AD3cc,0x9548d0AAaedE8Fd889E03aaa6c57551f92be7B71,1
0x724f337bF0Fa934dB9aa3ec6dEa49B03c54AD3cc,0x663217Fd41198bC5dB2F69313a324D0628daA9E8,3
0x724f337bF0Fa934dB9aa3ec6dEa49B03c54AD3cc,0x663217Fd41198bC5dB2F69313a324D0628daA9E8,4
0x724f337bF0Fa934dB9aa3ec6dEa49B03c54AD3cc,0x663217Fd41198bC5dB2F69313a324D0628daA9E8,1
0x724f337bF0Fa934dB9aa3ec6dEa49B03c54AD3cc,0x9548d0AAaedE8Fd889E03aaa6c57551f92be7B71,2
0x724f337bF0Fa934dB9aa3ec6dEa49B03c54AD3cc,0x9548d0AAaedE8Fd889E03aaa6c57551f92be7B71,1
0x724f337bF0Fa934dB9aa3ec6dEa49B03c54AD3cc,0x663217Fd41198bC5dB2F69313a324D0628daA9E8,3
0x724f337bF0Fa934dB9aa3ec6dEa49B03c54AD3cc,0x663217Fd41198bC5dB2F69313a324D0628daA9E8,4
0x724f337bF0Fa934dB9aa3ec6dEa49B03c54AD3cc,0x663217Fd41198bC5dB2F69313a324D0628daA9E8,1
0x724f337bF0Fa934dB9aa3ec6dEa49B03c54AD3cc,0x9548d0AAaedE8Fd889E03aaa6c57551f92be7B71,2
0x724f337bF0Fa934dB9aa3ec6dEa49B03c54AD3cc,0x9548d0AAaedE8Fd889E03aaa6c57551f92be7B71,1
0x724f337bF0Fa934dB9aa3ec6dEa49B03c54AD3cc,0x663217Fd41198bC5dB2F69313a324D0628daA9E8,3
0x724f337bF0Fa934dB9aa3ec6dEa49B03c54AD3cc,0x663217Fd41198bC5dB2F69313a324D0628daA9E8,4
0x724f337bF0Fa934dB9aa3ec6dEa49B03c54AD3cc,0x663217Fd41198bC5dB2F69313a324D0628daA9E8,1
0x724f337bF0Fa934dB9aa3ec6dEa49B03c54AD3cc,0x9548d0AAaedE8Fd889E03aaa6c57551f92be7B71,2
0x724f337bF0Fa934dB9aa3ec6dEa49B03c54AD3cc,0x9548d0AAaedE8Fd889E03aaa6c57551f92be7B71,1
0x724f337bF0Fa934dB9aa3ec6dEa49B03c54AD3cc,0x663217Fd41198bC5dB2F69313a324D0628daA9E8,3
0x724f337bF0Fa934dB9aa3ec6dEa49B03c54AD3cc,0x663217Fd41198bC5dB2F69313a324D0628daA9E8,4
0x724f337bF0Fa934dB9aa3ec6dEa49B03c54AD3cc,0x663217Fd41198bC5dB2F69313a324D0628daA9E8,1
0x724f337bF0Fa934dB9aa3ec6dEa49B03c54AD3cc,0x9548d0AAaedE8Fd889E03aaa6c57551f92be7B71,2
0x724f337bF0Fa934dB9aa3ec6dEa49B03c54AD3cc,0x9548d0AAaedE8Fd889E03aaa6c57551f92be7B71,1
0x724f337bF0Fa934dB9aa3ec6dEa49B03c54AD3cc,0x663217Fd41198bC5dB2F69313a324D0628daA9E8,3
0x724f337bF0Fa934dB9aa3ec6dEa49B03c54AD3cc,0x663217Fd41198bC5dB2F69313a324D0628daA9E8,4
0x724f337bF0Fa934dB9aa3ec6dEa49B03c54AD3cc,0x663217Fd41198bC5dB2F69313a324D0628daA9E8,1
0x724f337bF0Fa934dB9aa3ec6dEa49B03c54AD3cc,0x9548d0AAaedE8Fd889E03aaa6c57551f92be7B71,2
0x724f337bF0Fa934dB9aa3ec6dEa49B03c54AD3cc,0x9548d0AAaedE8Fd889E03aaa6c57551f92be7B71,1
0x724f337bF0Fa934dB9aa3ec6dEa49B03c54AD3cc,0x663217Fd41198bC5dB2F69313a324D0628daA9E8,3
0x724f337bF0Fa934dB9aa3ec6dEa49B03c54AD3cc,0x663217Fd41198bC5dB2F69313a324D0628daA9E8,4
0x724f337bF0Fa934dB9aa3ec6dEa49B03c54AD3cc,0x663217Fd41198bC5dB2F69313a324D0628daA9E8,1
0x724f337bF0Fa934dB9aa3ec6dEa49B03c54AD3cc,0x9548d0AAaedE8Fd889E03aaa6c57551f92be7B71,2
0x724f337bF0Fa934dB9aa3ec6dEa49B03c54AD3cc,0x9548d0AAaedE8Fd889E03aaa6c57551f92be7B71,1
0x724f337bF0Fa934dB9aa3ec6dEa49B03c54AD3cc,0x663217Fd41198bC5dB2F69313a324D0628daA9E8,3
0x724f337bF0Fa934dB9aa3ec6dEa49B03c54AD3cc,0x663217Fd41198bC5dB2F69313a324D0628daA9E8,4
0x724f337bF0Fa934dB9aa3ec6dEa49B03c54AD3cc,0x663217Fd41198bC5dB2F69313a324D0628daA9E8,1
0x724f337bF0Fa934dB9aa3ec6dEa49B03c54AD3cc,0x9548d0AAaedE8Fd889E03aaa6c57551f92be7B71,2
0x724f337bF0Fa934dB9aa3ec6dEa49B03c54AD3cc,0x9548d0AAaedE8Fd889E03aaa6c57551f92be7B71,1
0x724f337bF0Fa934dB9aa3ec6dEa49B03c54AD3cc,0x663217Fd41198bC5dB2F69313a324D0628daA9E8,3
0x724f337bF0Fa934dB9aa3ec6dEa49B03c54AD3cc,0x663217Fd41198bC5dB2F69313a324D0628daA9E8,4
0x724f337bF0Fa934dB9aa3ec6dEa49B03c54AD3cc,0x663217Fd41198bC5dB2F69313a324D0628daA9E8,1
0x724f337bF0Fa934dB9aa3ec6dEa49B03c54AD3cc,0x9548d0AAaedE8Fd889E03aaa6c57551f92be7B71,2
0x724f337bF0Fa934dB9aa3ec6dEa49B03c54AD3cc,0x9548d0AAaedE8Fd889E03aaa6c57551f92be7B71,1
0x724f337bF0Fa934dB9aa3ec6dEa49B03c54AD3cc,0x663217Fd41198bC5dB2F69313a324D0628daA9E8,3
0x724f337bF0Fa934dB9aa3ec6dEa49B03c54AD3cc,0x663217Fd41198bC5dB2F69313a324D0628daA9E8,4
0x724f337bF0Fa934dB9aa3ec6dEa49B03c54AD3cc,0x663217Fd41198bC5dB2F69313a324D0628daA9E8,1
0x724f337bF0Fa934dB9aa3ec6dEa49B03c54AD3cc,0x9548d0AAaedE8Fd889E03aaa6c57551f92be7B71,2
0x724f337bF0Fa934dB9aa3ec6dEa49B03c54AD3cc,0x9548d0AAaedE8Fd889E03aaa6c57551f92be7B71,1
0x724f337bF0Fa934dB9aa3ec6dEa49B03c54AD3cc,0x663217Fd41198bC5dB2F69313a324D0628daA9E8,3
0x724f337bF0Fa934dB9aa3ec6dEa49B03c54AD3cc,0x663217Fd41198bC5dB2F69313a324D0628daA9E8,4
0x724f337bF0Fa934dB9aa3ec6dEa49B03c54AD3cc,0x663217Fd41198bC5dB2F69313a324D0628daA9E8,1
0x724f337bF0Fa934dB9aa3ec6dEa49B03c54AD3cc,0x9548d0AAaedE8Fd889E03aaa6c57551f92be7B71,2
0x724f337bF0Fa934dB9aa3ec6dEa49B03c54AD3cc,0x9548d0AAaedE8Fd889E03aaa6c57551f92be7B71,1
0x724f337bF0Fa934dB9aa3ec6dEa49B03c54AD3cc,0x663217Fd41198bC5dB2F69313a324D0628daA9E8,3
0x724f337bF0Fa934dB9aa3ec6dEa49B03c54AD3cc,0x663217Fd41198bC5dB2F69313a324D0628daA9E8,4
0x724f337bF0Fa934dB9aa3ec6dEa49B03c54AD3cc,0x663217Fd41198bC5dB2F69313a324D0628daA9E8,1
0x724f337bF0Fa934dB9aa3ec6dEa49B03c54AD3cc,0x9548d0AAaedE8Fd889E03aaa6c57551f92be7B71,2
0x724f337bF0Fa934dB9aa3ec6dEa49B03c54AD3cc,0x9548d0AAaedE8Fd889E03aaa6c57551f92be7B71,1
0x724f337bF0Fa934dB9aa3ec6dEa49B03c54AD3cc,0x663217Fd41198bC5dB2F69313a324D0628daA9E8,3
0x724f337bF0Fa934dB9aa3ec6dEa49B03c54AD3cc,0x663217Fd41198bC5dB2F69313a324D0628daA9E8,4
0x724f337bF0Fa934dB9aa3ec6dEa49B03c54AD3cc,0x663217Fd41198bC5dB2F69313a324D0628daA9E8,1
0x724f337bF0Fa934dB9aa3ec6dEa49B03c54AD3cc,0x9548d0AAaedE8Fd889E03aaa6c57551f92be7B71,2
0x724f337bF0Fa934dB9aa3ec6dEa49B03c54AD3cc,0x9548d0AAaedE8Fd889E03aaa6c57551f92be7B71,1
0x724f337bF0Fa934dB9aa3ec6dEa49B03c54AD3cc,0x663217Fd41198bC5dB2F69313a324D0628daA9E8,3
0x724f337bF0Fa934dB9aa3ec6dEa49B03c54AD3cc,0x663217Fd41198bC5dB2F69313a324D0628daA9E8,4
0x724f337bF0Fa934dB9aa3ec6dEa49B03c54AD3cc,0x663217Fd41198bC5dB2F69313a324D0628daA9E8,1
0x724f337bF0Fa934dB9aa3ec6dEa49B03c54AD3cc,0x9548d0AAaedE8Fd889E03aaa6c57551f92be7B71,2
0x724f337bF0Fa934dB9aa3ec6dEa49B03c54AD3cc,0x9548d0AAaedE8Fd889E03aaa6c57551f92be7B71,1
0x724f337bF0Fa934dB9aa3ec6dEa49B03c54AD3cc,0x663217Fd41198bC5dB2F69313a324D0628daA9E8,3
0x724f337bF0Fa934dB9aa3ec6dEa49B03c54AD3cc,0x663217Fd41198bC5dB2F69313a324D0628daA9E8,4
0x724f337bF0Fa934dB9aa3ec6dEa49B03c54AD3cc,0x663217Fd41198bC5dB2F69313a324D0628daA9E8,1
0x724f337bF0Fa934dB9aa3ec6dEa49B03c54AD3cc,0x9548d0AAaedE8Fd889E03aaa6c57551f92be7B71,2
0x724f337bF0Fa934dB9aa3ec6dEa49B03c54AD3cc,0x9548d0AAaedE8Fd889E03aaa6c57551f92be7B71,1
0x724f337bF0Fa934dB9aa3ec6dEa49B03c54AD3cc,0x663217Fd41198bC5dB2F69313a324D0628daA9E8,3
0x724f337bF0Fa934dB9aa3ec6dEa49B03c54AD3cc,0x663217Fd41198bC5dB2F69313a324D0628daA9E8,4